country,features,distinct_artists,distinct_labels,distinct_genres,indie_share,first_feature,latest_feature,pct_of_all_features
Algeria,1,1,1,1,1.0000,2018-02-27,2018-02-27,0.05
Angola,1,1,1,1,0.0000,2026-01-23,2026-01-23,0.05
Argentina,2,2,1,2,1.0000,2018-12-03,2024-01-31,0.09
Australia,59,53,15,12,0.7458,2016-06-30,2026-04-24,2.67
Austria,2,2,1,1,1.0000,2016-12-01,2024-12-04,0.09
Belgium,11,11,2,8,0.9091,2019-01-16,2026-03-19,0.50
Belize,1,1,1,1,1.0000,2019-09-18,2019-09-18,0.05
Benin,1,1,1,1,0.0000,2022-09-20,2022-09-20,0.05
Brazil,14,14,3,8,0.8571,2016-09-23,2024-12-03,0.63
Canada,107,97,26,14,0.7477,2011-11-27,2026-05-18,4.85
China,5,5,4,2,0.4000,2016-11-03,2023-03-30,0.23
Colombia,2,2,1,2,1.0000,2025-03-06,2025-10-17,0.09
Czech Republic,1,1,1,1,1.0000,2018-05-03,2018-05-03,0.05
Democratic Republic of the Congo,1,1,1,1,1.0000,2021-05-13,2021-05-13,0.05
Denmark,5,5,1,2,1.0000,2016-11-18,2022-05-04,0.23
Ecuador,2,2,1,2,1.0000,2019-01-22,2019-07-24,0.09
Egypt,3,3,2,3,0.6667,2018-01-17,2024-07-09,0.14
Estonia,1,1,1,1,1.0000,2018-02-09,2018-02-09,0.05
Ethiopia,6,6,3,4,0.6667,2020-07-02,2026-05-05,0.27
Faroe Islands,1,1,1,1,1.0000,2018-01-18,2018-01-18,0.05
Finland,6,5,2,4,0.8333,2018-02-01,2025-07-30,0.27
France,52,45,17,13,0.4231,2016-06-28,2025-12-05,2.36
Georgia,1,1,1,1,1.0000,2018-08-02,2018-08-02,0.05
Germany,67,61,27,14,0.4179,2016-06-20,2026-03-12,3.04
Ghana,6,6,1,3,1.0000,2018-02-13,2025-11-06,0.27
Greece,8,8,2,3,0.8750,2016-12-12,2024-04-08,0.36
Guadeloupe,1,1,1,1,0.0000,2023-02-21,2023-02-21,0.05
Guyana,2,2,2,2,0.5000,2018-12-12,2019-06-28,0.09
Haiti,1,1,1,1,0.0000,2020-05-22,2020-05-22,0.05
Hong Kong,1,1,1,1,1.0000,2026-02-18,2026-02-18,0.05
Iceland,2,2,1,2,1.0000,2018-12-19,2025-09-24,0.09
Indonesia,2,2,1,2,1.0000,2024-08-12,2026-04-30,0.09
Iran,2,2,2,2,0.0000,2022-07-18,2023-01-24,0.09
Ireland,11,11,4,6,0.6364,2017-11-20,2026-03-04,0.50
Israel,3,3,2,2,0.6667,2017-03-14,2022-04-22,0.14
Italy,21,18,10,8,0.2857,2017-01-05,2026-04-09,0.95
Jamaica,2,2,1,1,1.0000,2022-04-04,2025-08-21,0.09
Japan,31,30,12,11,0.6129,2017-08-17,2026-05-01,1.40
Jordan,1,1,1,1,0.0000,2025-10-31,2025-10-31,0.05
Kenya,4,3,1,2,1.0000,2023-03-03,2026-02-17,0.18
Lebanon,5,5,3,5,0.4000,2024-01-19,2026-04-29,0.23
Lithuania,1,1,1,1,0.0000,2020-05-28,2020-05-28,0.05
Madagascar,1,1,1,1,0.0000,2019-09-13,2019-09-13,0.05
Mali,6,5,4,1,0.5000,2019-03-08,2023-11-20,0.27
Mexico,8,7,4,3,0.5000,2018-02-22,2026-04-14,0.36
Morocco,3,3,1,2,1.0000,2017-09-26,2021-03-22,0.14
Netherlands,11,11,6,8,0.5455,2016-09-26,2026-01-27,0.50
New Zealand,15,12,2,5,0.9333,2016-12-20,2026-05-08,0.68
Niger,5,4,3,2,0.6000,2017-12-08,2024-09-23,0.23
Nigeria,4,4,3,3,0.5000,2019-01-29,2023-06-27,0.18
Norway,13,11,3,7,0.8462,2016-07-05,2026-04-10,0.59
Pakistan,1,1,1,1,0.0000,2024-09-20,2024-09-20,0.05
Palestine,3,3,2,2,0.3333,2022-04-08,2024-11-20,0.14
Peru,3,3,1,3,0.0000,2019-03-28,2025-02-25,0.14
Poland,6,6,6,5,0.1667,2017-06-21,2025-03-13,0.27
Portugal,7,6,3,4,0.4286,2016-08-26,2025-06-03,0.32
Puerto Rico,1,1,1,1,0.0000,2018-11-07,2018-11-07,0.05
Réunion,1,1,1,1,1.0000,2023-05-16,2023-05-16,0.05
Russia,4,2,1,2,1.0000,2017-09-05,2025-03-07,0.18
São Tomé and Príncipe,2,2,1,1,1.0000,2022-08-19,2024-07-30,0.09
Senegal,2,1,1,1,1.0000,2021-03-02,2022-11-14,0.09
Sierra Leone,1,1,1,1,1.0000,2021-09-17,2021-09-17,0.05
Singapore,3,2,1,3,1.0000,2021-03-16,2023-09-15,0.14
South Africa,20,15,2,6,0.9500,2018-10-11,2026-05-11,0.91
South Korea,5,5,2,4,0.8000,2019-06-06,2023-08-31,0.23
Spain,19,16,6,8,0.6842,2017-10-31,2025-11-04,0.86
Sweden,16,16,8,7,0.5625,2016-10-13,2026-04-08,0.72
Switzerland,14,10,5,6,0.3571,2017-08-10,2024-02-13,0.63
Syria,1,1,1,1,1.0000,2019-11-22,2019-11-22,0.05
Taiwan,1,1,1,1,0.0000,2023-06-26,2023-06-26,0.05
Tanzania,1,1,1,1,1.0000,2020-04-15,2020-04-15,0.05
Thailand,1,1,1,1,0.0000,2019-01-03,2019-01-03,0.05
Turkey,4,3,1,3,1.0000,2018-06-07,2024-11-06,0.18
Uganda,12,12,2,3,0.0000,2021-05-06,2026-05-21,0.54
United Kingdom,336,285,95,18,0.6429,2011-11-21,2026-05-22,15.22
United States,1209,1055,293,23,0.6791,2011-10-28,2026-05-26,54.78
Uruguay,1,1,1,1,1.0000,2025-04-30,2025-04-30,0.05
Venezuela,9,9,3,4,0.7778,2020-10-22,2026-02-26,0.41
Vietnam,1,1,1,1,1.0000,2024-05-16,2024-05-16,0.05
Zambia,1,1,1,1,1.0000,2023-06-05,2023-06-05,0.05
