record_label,features,distinct_artists,distinct_authors,primary_genre,primary_country,first_feature,latest_feature
(Liv).e,1,1,1,,United States,2023-02-23,2023-02-23
100% Silk,1,1,1,Electronic,United States,2025-12-03,2025-12-03
20 Buck Spin,13,12,10,Metal,United States,2018-03-19,2026-08-10
577 Records,1,1,1,Jazz,United States,2022-01-21,2022-01-21
A L T E R,1,1,1,Alternative,United Kingdom,2017-12-22,2017-12-22
A. Billi Free,1,1,1,R&B/Soul,United States,2019-08-12,2019-08-12
A. G. Cook,1,1,1,Alternative,United States,2020-08-12,2020-08-12
Abdominal,1,1,1,Hip-Hop/Rap,Canada,2017-05-23,2017-05-23
Aboutface,1,1,1,World,United Kingdom,2025-06-09,2025-06-09
adlabels,1,1,1,Classical,Germany,2023-08-15,2023-08-15
Aesthetical,1,1,1,Electronic,France,2026-07-06,2026-07-06
Africa Express,1,1,1,World,Mali,2019-07-15,2019-07-15
Africa Seven,1,1,1,Spoken Word,United Kingdom,2024-11-27,2024-11-27
AGATUS,1,1,1,,Greece,2016-12-12,2016-12-12
Agent Blå,1,1,1,Alternative,Sweden,2017-06-09,2017-06-09
Agonia Records,1,1,1,Metal,Poland,2017-06-21,2017-06-21
Aisha Devi,2,1,2,Electronic,Switzerland,2018-05-11,2023-10-20
Akuphone,1,1,1,World,France,2025-10-01,2025-10-01
Allchival,1,1,1,Electronic,Ireland,2018-02-15,2018-02-15
Altin Gün,1,1,1,Rock,Netherlands,2023-03-31,2023-03-31
Alyssa Gengos,1,1,1,Pop,United States,2019-05-29,2019-05-29
Amanar De Kidal,1,1,1,World,Mali,2019-03-08,2019-03-08
Amirtha Kidambi,1,1,1,Jazz,United States,2024-03-14,2024-03-14
Amputated Vein Records,1,1,1,Metal,Japan,2017-09-20,2017-09-20
AMULETS,1,1,1,Experimental,United States,2025-02-27,2025-02-27
Analog Africa,6,5,3,Funk,Germany,2017-05-26,2025-11-10
Andreaus Haley,1,1,1,Hip-Hop/Rap,United States,2025-03-11,2025-03-11
Andrés,1,1,1,Hip-Hop/Rap,United States,2019-11-27,2019-11-27
Angélica Garcia,1,1,1,Pop,United States,2020-03-05,2020-03-05
Annie Hardy,1,1,1,Rock,United States,2021-06-09,2021-06-09
Another Planet,1,1,1,Hip-Hop/Rap,United States,2026-07-10,2026-07-10
Anthology Recordings,1,1,1,Funk,United States,2018-11-21,2018-11-21
Antiquated Future Records,1,1,1,Ambient,United States,2019-09-04,2019-09-04
Anysia Kym,1,1,1,R&B/Soul,United States,2025-05-05,2025-05-05
Arc Records,1,1,1,Jazz,United Kingdom,2020-01-10,2020-01-10
Armand Hammer,1,1,1,Hip-Hop/Rap,United States,2021-03-30,2021-03-30
ato.archives,1,1,1,Ambient,Japan,2026-04-23,2026-04-23
aufnahme + wiedergabe,1,1,1,Electronic,Germany,2018-01-08,2018-01-08
AVA. RECORDS,1,1,1,Electronic,Germany,2017-12-04,2017-12-04
Avantgarde Music,1,1,1,Metal,Italy,2018-04-19,2018-04-19
Avon Terror Corps,1,1,1,Electronic,United Kingdom,2021-06-10,2021-06-10
AYA Records,1,1,1,World,United States,2020-02-28,2020-02-28
Ba Da Bing Records,4,4,4,Alternative,United States,2017-07-21,2020-10-15
Babe City Records,1,1,1,,United States,2016-07-07,2016-07-07
Bastard Jazz Recordings,1,1,1,,United States,2016-10-14,2016-10-14
BBE,4,1,4,Jazz,United Kingdom,2018-02-23,2023-06-30
Beats In Space,1,1,1,Electronic,United States,2019-03-13,2019-03-13
Bei Bei & Shawn Lee,1,1,1,Electronic,United Kingdom,2017-07-19,2017-07-19
Belle and Sebastian,1,1,1,Alternative,United Kingdom,2022-05-06,2022-05-06
Below System Records,1,1,1,Hip-Hop/Rap,Netherlands,2019-08-02,2019-08-02
bernice,1,1,1,Pop,Canada,2017-06-28,2017-06-28
Betamax Super hi-Max Vision Catalogue (Champagne Dub),1,1,1,Alternative,United Kingdom,2024-02-07,2024-02-07
BIG BRAVE,1,1,1,Experimental,Canada,2021-09-22,2021-09-22
BIGMUTHA,1,1,1,Hip-Hop/Rap,United States,2024-04-23,2024-04-23
billy woods,1,1,1,,United States,2023-05-09,2023-05-09
Bilna'es بالناقص,2,2,1,Electronic,Palestine,2022-04-08,2023-07-27
Binker and Moses,1,1,1,Jazz,United Kingdom,2018-06-22,2018-06-22
Bitchin Bajas,1,1,1,Experimental,United States,2025-04-24,2025-04-24
Bjørn Torske & Prins Thomas,1,1,1,Electronic,Norway,2017-07-31,2017-07-31
Black Fire,2,2,1,Jazz,United States,2021-01-12,2021-10-05
Black Jungle Squad,1,1,1,Hip-Hop/Rap,United States,2017-12-19,2017-12-19
BLACK SOPRANO FAMILY,1,1,1,Hip-Hop/Rap,United States,2020-07-30,2020-07-30
Black Sweat Records,1,1,1,World,Italy,2026-04-09,2026-04-09
Black Techno Matters,1,1,1,Electronic,United States,2024-01-12,2024-01-12
BLACK TO COMM,1,1,1,Experimental,Germany,2023-07-14,2023-07-14
Blank Forms Editions,3,3,3,Experimental,United States,2019-06-11,2020-08-17
BLCR Laboratories,1,1,1,,Netherlands,2016-09-26,2016-09-26
Blockhead,1,1,1,Hip-Hop/Rap,United States,2026-07-15,2026-07-15
Blut Aus Nord,1,1,1,,France,2016-06-28,2016-06-28
Bon Iver,1,1,1,Alternative,United States,2016-09-29,2016-09-29
"Bonnie ""Prince"" Billy",1,1,1,Country,United States,2017-05-16,2017-05-16
Boot Records,1,1,1,Hip-Hop/Rap,United Kingdom,2025-10-06,2025-10-06
Boris with Merzbow,1,1,1,Metal,Japan,2020-12-02,2020-12-02
Born Bad Records,1,1,1,World,France,2020-07-23,2020-07-23
Brachliegen Tapes ☽,1,1,1,Experimental,United Kingdom,2024-02-12,2024-02-12
Brainfeeder,1,1,1,Electronic,United States,2018-11-26,2018-11-26
Brandon Seabrook,1,1,1,Experimental,United States,2023-05-31,2023-05-31
Bridget Hayden,1,1,1,Folk,United Kingdom,2025-01-08,2025-01-08
Bubbha Thomas & The Lightmen,1,1,1,Jazz,United States,2018-12-14,2018-12-14
Buh Records,3,3,3,Electronic,Peru,2019-03-28,2025-02-25
Built To Spill,1,1,1,Rock,United States,2020-04-30,2020-04-30
business casual,2,2,2,Electronic,,2017-02-01,2023-05-17
Business Of Dreams,1,1,1,Alternative,United States,2019-02-11,2019-02-11
BYG Records,3,3,2,Rock,United Kingdom,2024-05-24,2024-08-08
CAMP COPE,1,1,1,Rock,Australia,2018-03-02,2018-03-02
CAPRA,1,1,1,,United States,2023-10-11,2023-10-11
Caribou,2,1,2,Electronic,United Kingdom,2017-10-06,2026-02-06
Carla Bozulich / Evangelista,1,1,1,Experimental,United States,2018-05-10,2018-05-10
Caroline Shaw,1,1,1,Classical,United States,2019-04-23,2019-04-23
Carpark Records,1,1,1,Alternative,United States,2021-01-04,2021-01-04
caterina barbieri,1,1,1,Ambient,Germany,2022-07-08,2022-07-08
Chapter Music,1,1,1,Alternative,Australia,2026-09-04,2026-09-04
Charles 'Poppy Bob' Walker,1,1,1,Ambient,United States,2026-02-09,2026-02-09
Charly Records,1,1,1,Reggae,United Kingdom,2025-02-06,2025-02-06
CHERISE,1,1,1,,United Kingdom,2023-07-07,2023-07-07
Chicago Research,1,1,1,Electronic,United States,2022-08-09,2022-08-09
Chief Adjuah,1,1,1,Jazz,United States,2020-09-03,2020-09-03
Children Of Zeus,1,1,1,R&B/Soul,United Kingdom,2021-06-03,2021-06-03
CHINABOT,3,3,3,Electronic,United Kingdom,2018-06-28,2026-04-20
Chouk Bwa & The Ångstromers,1,1,1,World,Haiti,2020-05-22,2020-05-22
christelle bofale,1,1,1,Alternative,United States,2019-06-03,2019-06-03
Chromesthesia,1,1,1,Electronic,United Kingdom,2024-11-12,2024-11-12
Citrus City Records,1,1,1,,United States,2017-02-08,2017-02-08
Conjurer,1,1,1,Metal,United Kingdom,2019-08-19,2019-08-19
Constellation Records,1,1,1,Experimental,Canada,2025-09-17,2025-09-17
Constellation Tatsu,2,2,2,Electronic,United States,2023-01-18,2026-08-03
CONTAINER,1,1,1,Electronic,United Kingdom,2020-03-16,2020-03-16
Cosmic Vibrations,1,1,1,Jazz,United States,2020-09-21,2020-09-21
Counter Intuitive Records,1,1,1,Alternative,United States,2021-08-02,2021-08-02
courtney barnett,1,1,1,Alternative,Australia,2018-05-23,2018-05-23
Crater,1,1,1,Alternative,United States,2018-01-11,2018-01-11
cub,1,1,1,Alternative,Canada,2026-01-21,2026-01-21
Cuneiform Records,1,1,1,,United States,2017-02-23,2017-02-23
D-Vine Spirituals,1,1,1,R&B/Soul,United States,2022-01-14,2022-01-14
dagmar zuniga,1,1,1,Experimental,United States,2026-03-20,2026-03-20
Dälek,1,1,1,Hip-Hop/Rap,United States,2026-03-24,2026-03-24
Damon & Naomi,1,1,1,Alternative,United States,2021-08-06,2021-08-06
Damu The Fudgemunk,1,1,1,Hip-Hop/Rap,United States,2023-08-23,2023-08-23
Dana Jean Phoenix,1,1,1,Electronic,Canada,2020-04-22,2020-04-22
Dark Descent Records,1,1,1,Metal,United States,2024-06-14,2024-06-14
Dark Entries Records,1,1,1,Alternative,United States,2021-10-01,2021-10-01
Daupe,1,1,1,Hip-Hop/Rap,United Kingdom,2018-01-16,2018-01-16
Dave Okumu,1,1,1,,United Kingdom,2023-04-21,2023-04-21
David Moore / Bing & Ruth,1,1,1,Ambient,United States,2020-07-17,2020-07-17
David Ze,1,1,1,World,Angola,2026-01-23,2026-01-23
DAWN,2,1,1,Alternative,United States,2022-10-21,2024-10-09
Daydream Library Series,1,1,1,Alternative,United States,2021-11-17,2021-11-17
Death & Vanilla,1,1,1,Alternative,Sweden,2019-05-17,2019-05-17
Deathbomb Arc,2,2,2,Alternative,United States,2019-08-14,2025-04-28
DeathCollectorUK,1,1,1,Metal,United Kingdom,2023-06-23,2023-06-23
Decoherence Records,1,1,1,Metal,United States,2024-10-08,2024-10-08
Deerhoof,1,1,1,Alternative,,2020-07-16,2020-07-16
Dennis Bovell MBE,1,1,1,Reggae,United Kingdom,2024-11-14,2024-11-14
DENOUNCEMENT PYRE,1,1,1,,Australia,2016-08-01,2016-08-01
deranged records,2,2,2,,Canada,2017-03-17,2017-03-29
Derya Yıldırım & Grup Şimşek,1,1,1,World,Germany,2025-03-14,2025-03-14
dinamarca,1,1,1,Electronic,Sweden,2025-05-14,2025-05-14
Discotchari,1,1,1,Pop,United States,2025-10-24,2025-10-24
DIVISION 81 RECORDS,1,1,1,Jazz,United States,2021-05-17,2021-05-17
Diz Undone (fka Dizraeli),1,1,1,Hip-Hop/Rap,United Kingdom,2024-06-03,2024-06-03
DJ EARL,1,1,1,Electronic,United States,2020-12-01,2020-12-01
dj haram,1,1,1,Electronic,United States,2025-07-18,2025-07-18
Dj Manny,2,1,2,Electronic,United States,2021-07-27,2023-11-21
DJs for Climate Action,1,1,1,Electronic,United States,2019-04-01,2019-04-01
DOC SLEEP,1,1,1,Electronic,United States,2023-03-21,2023-03-21
dolphin midwives,1,1,1,Alternative,United States,2021-07-08,2021-07-08
Don Leisure,1,1,1,Jazz,United Kingdom,2023-11-28,2023-11-28
Doom Trip,1,1,1,Experimental,United States,2020-04-09,2020-04-09
Drawing Room Records,1,1,1,Alternative,United States,2018-03-27,2018-03-27
Dream Catalogue,1,1,1,,United Kingdom,2016-07-26,2016-07-26
Drowned By Locals,1,1,1,Hip-Hop/Rap,Jordan,2025-10-31,2025-10-31
"Dualtone Music Group, Inc.",1,1,1,,United States,2016-10-10,2016-10-10
dumb,1,1,1,Rock,Canada,2022-11-10,2022-11-10
Duncecap,1,1,1,Hip-Hop/Rap,United States,2026-03-17,2026-03-17
DUPPY GUN,1,1,1,Reggae,United States,2018-05-02,2018-05-02
E L U C I D,2,1,2,Hip-Hop/Rap,United States,2022-06-15,2024-10-11
EARLY FUTURE RECORDS,1,1,1,Jazz,United States,2021-03-19,2021-03-19
Ecker & Meulyzer,1,1,1,,Germany,2019-11-13,2019-11-13
Efficient Space,2,2,2,Alternative,Australia,2017-04-21,2023-06-13
EGYPTRIXX,1,1,1,,Canada,2017-02-06,2017-02-06
Eighth Tower Records,1,1,1,Alternative,Italy,2020-03-10,2020-03-10
El Khat - القات,1,1,1,World,Germany,2024-09-12,2024-09-12
El Palmas Music,2,1,1,Latin,Spain,2020-12-04,2021-05-18
Elder,1,1,1,Metal,Germany,2021-12-01,2021-12-01
Electric Assault Records,1,1,1,Metal,United States,2025-01-27,2025-01-27
Electric Cowbell Records,1,1,1,Funk,United States,2018-11-02,2018-11-02
EM Records,2,2,2,Alternative,Japan,2024-11-19,2025-10-23
Emotional Response,1,1,1,Alternative,United States,2019-06-07,2019-06-07
empath,1,1,1,Alternative,United States,2022-02-14,2022-02-14
Erased Tapes,1,1,1,Experimental,United Kingdom,2018-07-10,2018-07-10
eremite records,1,1,1,Jazz,United States,2023-04-14,2023-04-14
Erste Theke Tontraeger,1,1,1,Alternative,Germany,2019-04-10,2019-04-10
Ethnic Heritage Ensemble,1,1,1,Jazz,United States,2024-03-06,2024-03-06
Etran de L'Aïr,1,1,1,World,Niger,2022-02-17,2022-02-17
EXUM,1,1,1,Hip-Hop/Rap,United States,2021-06-08,2021-06-08
FAMOUS CLASS RECORDS,1,1,1,,United States,2017-02-09,2017-02-09
Fat Beats Records,2,1,2,Funk,United States,2018-05-30,2020-03-09
Fat Ray,1,1,1,Hip-Hop/Rap,United States,2026-04-22,2026-04-22
Fat Tony,2,1,2,Hip-Hop/Rap,United States,2020-02-05,2023-08-28
Father/Daughter Records,2,2,2,Alternative,United States,2017-05-12,2020-06-17
Feeding Tube Records,1,1,1,Rock,United States,2026-06-18,2026-06-18
Fievel Is Glauque,1,1,1,Experimental,United States,2022-03-03,2022-03-03
FIGURE,1,1,1,Electronic,Germany,2021-04-02,2021-04-02
Filth is Eternal,1,1,1,Punk,United States,2023-09-28,2023-09-28
Fish Prints,1,1,1,Experimental,United States,2020-10-08,2020-10-08
Flatspot Records,1,1,1,Punk,United States,2023-02-28,2023-02-28
FLAU,1,1,1,Ambient,Japan,2017-08-17,2017-08-17
FLOWERTOWN,1,1,1,Rock,United States,2021-06-23,2021-06-23
Folktale Records,1,1,1,,United States,2016-07-08,2016-07-08
foodman,1,1,1,Experimental,Japan,2021-07-13,2021-07-13
Fortuna Records,1,1,1,World,Israel,2018-10-02,2018-10-02
foundation.fm records,1,1,1,Electronic,United Kingdom,2024-03-11,2024-03-11
Four Flies Records,2,2,2,Funk,Italy,2022-11-22,2026-06-02
FPE Records,2,2,2,Experimental,United States,2019-12-03,2024-08-07
frances chang,1,1,1,Experimental,United States,2024-02-16,2024-02-16
Freedom To Spend,2,2,1,Devotional,United States,2025-11-13,2026-04-02
Freestyle Records,1,1,1,Reggae,United Kingdom,2021-02-22,2021-02-22
Fresh Selects,2,2,2,R&B/Soul,,2017-03-30,2020-11-17
Full of Hell,1,1,1,Metal,United States,2017-11-15,2017-11-15
Fun in the church,1,1,1,Electronic,Germany,2020-08-27,2020-08-27
fundog,1,1,1,Rock,Canada,2020-08-07,2020-08-07
Future Bubblers,1,1,1,Electronic,United Kingdom,2018-10-01,2018-10-01
Gabe 'Nandez,1,1,1,Hip-Hop/Rap,United States,2025-08-19,2025-08-19
galen tipton,1,1,1,Electronic,United States,2020-05-01,2020-05-01
Gareth Quinn Redmond,1,1,1,Ambient,Ireland,2025-09-09,2025-09-09
garth erasmus,1,1,1,World,South Africa,2024-04-24,2024-04-24
Get Physical Music,1,1,1,Electronic,Germany,2017-11-30,2017-11-30
Gilead Media,2,2,2,Metal,United States,2019-06-27,2022-03-31
Girl Talk,1,1,1,Hip-Hop/Rap,United States,2026-08-18,2026-08-18
Gost,1,1,1,Electronic,United States,2018-03-23,2018-03-23
Graveface Records & Curiosities,1,1,1,Rock,United States,2021-05-03,2021-05-03
GREEN LUNG,1,1,1,Metal,United Kingdom,2026-09-16,2026-09-16
grim streaker,1,1,1,Alternative,United States,2017-08-07,2017-08-07
Grimalkin Records,1,1,1,R&B/Soul,United States,2020-03-23,2020-03-23
Grouper,1,1,1,Experimental,,2019-03-06,2019-03-06
Gunn - Truscinski Duo,1,1,1,Experimental,United States,2025-02-28,2025-02-28
gutterring,1,1,1,Electronic,United Kingdom,2022-10-03,2022-10-03
GYGAX,1,1,1,Rock,United States,2019-06-24,2019-06-24
Habibi Funk Records,9,8,8,World,Germany,2017-03-03,2026-08-11
HAKUNA KULALA,7,7,5,Electronic,Uganda,2021-05-06,2025-10-03
Hammers Of Misfortune,1,1,1,Metal,United States,2022-12-05,2022-12-05
Hany Mehanna - هاني مهنى,1,1,1,Experimental,Egypt,2018-01-17,2018-01-17
HAUNTED HORSES,1,1,1,Metal,United States,2025-01-14,2025-01-14
Hausu Mountain Records,8,7,6,Electronic,United States,2017-03-21,2022-02-11
HEAT CRIMES,1,1,1,Devotional,,2026-05-15,2026-05-15
Hesaitix / M.E.S.H.,1,1,1,Electronic,,2017-12-12,2017-12-12
HEX,1,1,1,Alternative,New Zealand,2018-03-01,2018-03-01
High Two,1,1,1,Jazz,United States,2022-06-08,2022-06-08
Hisstology,2,2,2,Jazz,Lebanon,2024-01-19,2025-08-14
Holodeck Records,2,2,2,Electronic,United States,2016-09-12,2017-04-25
Home Normal,1,1,1,,United Kingdom,2016-07-11,2016-07-11
Homeboy Sandman & Edan,1,1,1,Hip-Hop/Rap,United States,2018-10-24,2018-10-24
homeshake,1,1,1,Alternative,Canada,2019-03-04,2019-03-04
Hospital Productions,1,1,1,Electronic,United States,2020-12-03,2020-12-03
Hot Casa Records,1,1,1,World,France,2021-02-04,2021-02-04
Houndstooth,1,1,1,Ambient,United Kingdom,2026-02-12,2026-02-12
"Hudson (DeJohnette, Grenadier, Medeski & Scofield)",1,1,1,Jazz,United States,2017-06-22,2017-06-22
"I, Voidhanger Records",3,2,3,Metal,Italy,2020-06-22,2025-04-15
Ibukun sunday,1,1,1,Experimental,Nigeria,2021-10-25,2021-10-25
Iceboy Violet,1,1,1,Hip-Hop/Rap,United Kingdom,2024-06-11,2024-06-11
IDLES,1,1,1,Punk,United Kingdom,2018-08-31,2018-08-31
IIKKI,1,1,1,Jazz,France,2018-07-30,2018-07-30
Indian Ocean,1,1,1,World,Madagascar,2019-09-13,2019-09-13
InFiné,1,1,1,,France,2016-09-22,2016-09-22
INFINITY KNIVES,1,1,1,Hip-Hop/Rap,United States,2022-06-22,2022-06-22
Infrequent Seams,1,1,1,Experimental,United States,2026-04-28,2026-04-28
Init Records,1,1,1,Metal,United States,2021-08-24,2021-08-24
International Anthem,26,19,14,Jazz,United States,2016-06-24,2026-09-24
Invictus Productions,2,2,2,Metal,Ireland,2017-11-20,2022-06-10
"Invisible, Inc.",1,1,1,Electronic,United Kingdom,2019-01-24,2019-01-24
Iron & Wine,1,1,1,Alternative,United States,2017-08-24,2017-08-24
IRON LUNG Records,2,2,2,Punk,United States,2017-12-11,2021-03-03
Ivo Perelman/Nate Wooley,1,1,1,Jazz,United States,2021-02-18,2021-02-18
Jack Cooper,1,1,1,Ambient,United Kingdom,2021-07-20,2021-07-20
Jack Ladder & The Dreamlanders,1,1,1,Alternative,Australia,2018-05-07,2018-05-07
Jahari Massamba Unit,1,1,1,Jazz,United States,2020-11-25,2020-11-25
Jakarta Records,1,1,1,Hip-Hop/Rap,Germany,2017-12-01,2017-12-01
James Alexander Bright,1,1,1,,United Kingdom,2016-09-05,2016-09-05
James Hunter Six,1,1,1,R&B/Soul,United Kingdom,2018-02-02,2018-02-02
Jan Jelinek,1,1,1,Electronic,Germany,2025-01-15,2025-01-15
Jane Inc.,1,1,1,,Canada,2021-03-17,2021-03-17
JAUBI,1,1,1,Jazz,United Kingdom,2024-09-10,2024-09-10
JAW GEMS,1,1,1,,United States,2016-08-30,2016-08-30
Jazz Dispensary,1,1,1,Jazz,United States,2026-06-04,2026-06-04
Jazz Is Dead,1,1,1,Jazz,United States,2020-03-20,2020-03-20
Jess Sah Bi & Peter One,1,1,1,Folk,,2018-08-08,2018-08-08
Jigsaw Records,1,1,1,,United States,2016-09-28,2016-09-28
JIMMY EDGAR,1,1,1,Hip-Hop/Rap,United States,2021-02-24,2021-02-24
JMC Aggregate,1,1,1,Comedy,United States,2017-04-17,2017-04-17
Jobcentre Rejects,1,1,1,Metal,Sweden,2019-04-19,2019-04-19
John Davis & The Cicadas,1,1,1,Alternative,United States,2017-11-27,2017-11-27
John Dwyer,1,1,1,Punk,United States,2025-04-18,2025-04-18
Jolly Discs,1,1,1,Electronic,United Kingdom,2026-09-02,2026-09-02
Jon Mckiel,1,1,1,Alternative,Canada,2020-04-29,2020-04-29
José Mauro,1,1,1,,Brazil,2016-09-23,2016-09-23
JoVia Armstrong & Eunoia Society,1,1,1,Jazz,United States,2022-07-22,2022-07-22
Justus Proffit,1,1,1,Rock,United States,2021-08-18,2021-08-18
"K, Le Maestro",1,1,1,Hip-Hop/Rap,United Kingdom,2021-09-23,2021-09-23
Kahil El'Zabar,1,1,1,Jazz,United States,2022-02-08,2022-02-08
Kaitlyn Aurelia Smith,2,2,2,Electronic,United States,2016-09-21,2024-11-22
Kaleta & Super Yamba Band,1,1,1,World,United States,2019-09-09,2019-09-09
Kalita Records,1,1,1,R&B/Soul,United Kingdom,2021-09-03,2021-09-03
kate can wait,1,1,1,Alternative,United States,2020-01-29,2020-01-29
kelly moran,1,1,1,Experimental,United States,2024-03-29,2024-03-29
KEV BROWN,1,1,1,Hip-Hop/Rap,United States,2018-11-08,2018-11-08
Khruangbin,1,1,1,Rock,United States,2022-02-22,2022-02-22
King Gizzard & The Lizard Wizard,1,1,1,Rock,Australia,2025-06-13,2025-06-13
Kiwi jr,2,2,1,Alternative,Canada,2022-08-02,2026-08-14
KNEECAP,2,1,2,Hip-Hop/Rap,United Kingdom,2024-06-12,2026-05-04
Knxwledge.,1,1,1,Hip-Hop/Rap,Japan,2020-01-09,2020-01-09
Kokoroko,1,1,1,Jazz,United Kingdom,2019-03-21,2019-03-21
L I T H I C S,1,1,1,Punk,United States,2018-05-22,2018-05-22
L.A. WITCH,1,1,1,Punk,United States,2017-10-20,2017-10-20
L'Orange,1,1,1,,United States,2019-10-10,2019-10-10
L'Rain,2,1,2,Experimental,United States,2023-10-18,2026-08-17
La Souterraine,1,1,1,Hip-Hop/Rap,France,2020-01-06,2020-01-06
LA VIDA ES UN MUS DISCOS,3,3,2,Punk,United Kingdom,2021-12-14,2022-07-01
Laetitia Sadier,1,1,1,,United Kingdom,2017-03-27,2017-03-27
Lagoss,1,1,1,Electronic,Spain,2025-06-12,2025-06-12
Lamp Of Murmuur,1,1,1,Metal,United States,2023-03-27,2023-03-27
Lanquidity Records,1,1,1,Jazz,United Kingdom,2019-10-28,2019-10-28
Lapsus Records,1,1,1,Electronic,Spain,2020-09-15,2020-09-15
Lawrence English & Lea Bertucci,1,1,1,Experimental,Australia,2023-08-07,2023-08-07
Lee Bains + The Glory Fires,1,1,1,Rock,United States,2017-07-12,2017-07-12
Les Disques Bongo Joe,4,1,4,Ambient,Switzerland,2018-02-05,2024-02-13
LI YILEI,1,1,1,Ambient,United Kingdom,2021-08-04,2021-08-04
Life Of Sensation,1,1,1,Metal,Canada,2026-05-18,2026-05-18
lightheaded,1,1,1,Pop,United States,2024-05-20,2024-05-20
LIL UGLY MANE,1,1,1,,United States,2017-03-06,2017-03-06
Lilacs & Champagne,1,1,1,Electronic,Sweden,2024-07-17,2024-07-17
Lives Through Magic,1,1,1,,United States,2017-01-24,2017-01-24
LOMA,1,1,1,Alternative,United States,2020-10-27,2020-10-27
Lomax Archive,1,1,1,Folk,,2020-06-10,2020-06-10
Loopwhole Beats,1,1,1,,United States,2016-07-20,2016-07-20
Loris S Sarid,1,1,1,Ambient,United Kingdom,2022-06-21,2022-06-21
luke titus,1,1,1,Experimental,United States,2020-11-23,2020-11-23
M.O.T.H,1,1,1,,United States,2016-08-29,2016-08-29
MAD ABOUT RECORDS,1,1,1,Jazz,Portugal,2019-03-07,2019-03-07
Madeleine Cocolas,1,1,1,Ambient,Japan,2022-07-15,2022-07-15
Magnificent Sounds Records,2,1,1,World,United States,2022-05-05,2023-09-14
MALL WALK,1,1,1,,United States,2016-11-15,2016-11-15
Mamman Sani,1,1,1,Electronic,Niger,2024-09-23,2024-09-23
"Mandy, Indiana",1,1,1,,United Kingdom,2023-05-22,2023-05-22
MANNEQUIN PUSSY,1,1,1,Punk,United States,2019-06-25,2019-06-25
Mannequin Records,2,1,2,Alternative,Germany,2022-09-27,2025-06-18
Maple Death Records,3,3,3,Electronic,Italy,2017-03-01,2020-02-10
MARBLED EYE,1,1,1,Punk,United States,2024-03-18,2024-03-18
Marcos Resende & Index,1,1,1,Funk,Brazil,2021-01-27,2021-01-27
Mares Of Thrace,1,1,1,Metal,Canada,2025-05-22,2025-05-22
Marie Davidson,1,1,1,Alternative,Canada,2020-09-28,2020-09-28
Martha High and The Italian Royal Family,1,1,1,R&B/Soul,United States,2020-01-23,2020-01-23
Marvin Tate's D-Settlement,1,1,1,Rock,United States,2022-11-03,2022-11-03
Mass Appeal,1,1,1,,United States,2016-08-24,2016-08-24
MASTER BOOT RECORD,3,1,1,Electronic,Italy,2018-10-16,2022-05-23
maya ongaku,1,1,1,Ambient,Japan,2026-08-12,2026-08-12
Maybe Mars,1,1,1,,China,2016-11-03,2016-11-03
mejiwahn,1,1,1,Experimental,United States,2022-07-06,2022-07-06
Mello Music Group,1,1,1,Hip-Hop/Rap,United States,2022-11-30,2022-11-30
Melody As Truth,1,1,1,Ambient,Netherlands,2020-05-08,2020-05-08
Melody's Echo Chamber,1,1,1,Experimental,France,2018-06-15,2018-06-15
Mental Groove Records / Musique Pour La Danse,2,2,2,Electronic,Switzerland,2019-07-09,2022-02-18
MESH,1,1,1,Punk,United States,2021-05-21,2021-05-21
METHYL ETHEL,1,1,1,Pop,Australia,2019-02-21,2019-02-21
Métron Records,1,1,1,Ambient,United Kingdom,2020-04-14,2020-04-14
METZ,1,1,1,Rock,Canada,2024-04-12,2024-04-12
Michael Gordon,1,1,1,,United States,2016-11-01,2016-11-01
Michael Nau,1,1,1,Alternative,United States,2018-08-01,2018-08-01
micronism,1,1,1,Electronic,Australia,2017-08-03,2017-08-03
Miguel Zenón,1,1,1,Jazz,United States,2025-08-29,2025-08-29
MIKE,1,1,1,Hip-Hop/Rap,United States,2026-04-03,2026-04-03
Mike & Rich,1,1,1,,United Kingdom,2016-08-08,2016-08-08
mike clay,1,1,1,R&B/Soul,Canada,2019-05-01,2019-05-01
Mint Field,1,1,1,Alternative,Mexico,2018-02-22,2018-02-22
Mirror Universe Tapes,1,1,1,,United States,2016-09-06,2016-09-06
Mississippi Records,8,8,6,World,United States,2019-06-21,2023-11-13
MIZU,1,1,1,Classical,United States,2023-04-06,2023-04-06
Mndsgn.,1,1,1,,United States,2016-09-20,2016-09-20
Mobile Kitchen Sound,1,1,1,Hip-Hop/Rap,United States,2017-08-01,2017-08-01
monde ufo,1,1,1,Ambient,United States,2023-04-19,2023-04-19
Mong Tong,1,1,1,Experimental,Taiwan,2023-06-26,2023-06-26
More Time,1,1,1,Electronic,United Kingdom,2019-11-26,2019-11-26
MOTHS,1,1,1,Metal,Puerto Rico,2018-11-07,2018-11-07
Mount Eerie,1,1,1,Alternative,United States,2018-03-20,2018-03-20
Mr. Greg & Cass McCombs,1,1,1,Kids,United States,2023-08-25,2023-08-25
Mulatu Astatke,1,1,1,World,Ethiopia,2024-11-11,2024-11-11
Mulatu Astatke & Black Jesus Experience,1,1,1,Jazz,Ethiopia,2020-07-02,2020-07-02
Music in Exile,1,1,1,Jazz,Australia,2026-06-22,2026-06-22
mutual benefit,1,1,1,Alternative,United States,2018-09-27,2018-09-27
My Bags,3,2,3,Experimental,France,2016-12-19,2018-11-09
Naomi Punk (Captured Tracks),1,1,1,Experimental,United States,2017-08-23,2017-08-23
Neither/Nor Records,1,1,1,,United States,2016-12-14,2016-12-14
NEOSELF,1,1,1,Electronic,Japan,2019-07-02,2019-07-02
Nervous Intent Records,1,1,1,Punk,United States,2017-05-10,2017-05-10
New Age Doom,1,1,1,Experimental,Canada,2021-11-08,2021-11-08
Nick Lowe,1,1,1,Rock,United Kingdom,2024-09-18,2024-09-18
Nickodemus,1,1,1,World,United States,2018-12-04,2018-12-04
Nicole M Mitchell,3,3,3,Jazz,United States,2018-08-06,2024-08-21
Night School,3,3,3,Experimental,United Kingdom,2019-10-03,2023-02-09
NoBusiness Records,1,1,1,Jazz,Lithuania,2020-05-28,2020-05-28
Noise à Noise,1,1,1,Experimental,Iran,2023-01-24,2023-01-24
Nok Cultural Ensemble,1,1,1,Jazz,United Kingdom,2022-10-14,2022-10-14
nonkeen,1,1,1,Electronic,Germany,2024-06-24,2024-06-24
Not Not Fun Records,1,1,1,Electronic,United States,2024-10-04,2024-10-04
NOTS,1,1,1,Punk,United States,2019-05-16,2019-05-16
Nusrat Fateh Ali Khan,1,1,1,World,Pakistan,2024-09-20,2024-09-20
Nyege Nyege Tapes,5,5,5,Electronic,Uganda,2021-07-14,2026-05-21
O.R.B,1,1,1,Rock,Australia,2024-07-10,2024-07-10
Observe since '98,1,1,1,Hip-Hop/Rap,United States,2022-01-11,2022-01-11
OBUXUM,1,1,1,Electronic,Canada,2019-08-22,2019-08-22
Official Potential Badboy,1,1,1,Reggae,United Kingdom,2025-10-08,2025-10-08
OIM Records,1,1,1,,United States,2016-07-21,2016-07-21
okkyung lee,1,1,1,,Germany,2020-05-05,2020-05-05
Oliver Coates,1,1,1,,United Kingdom,2016-12-02,2016-12-02
Omnidisc,1,1,1,Electronic,United States,2022-12-07,2022-12-07
Oneida & Rhys Chatham,1,1,1,,United States,2016-11-30,2016-11-30
Only Lovers Records,1,1,1,Rock,France,2018-03-21,2018-03-21
OOIOO,1,1,1,Alternative,Japan,2026-05-01,2026-05-01
Open Mike Eagle,1,1,1,Hip-Hop/Rap,United States,2026-08-19,2026-08-19
Orange Milk Records,4,4,4,Electronic,,2019-07-30,2024-06-27
ORCHID TAPES,1,1,1,,United States,2016-08-16,2016-08-16
Osees,1,1,1,Punk,United States,2025-08-11,2025-08-11
Ostinato Records,6,4,5,World,United States,2017-03-02,2024-08-30
Other People,1,1,1,Experimental,United States,2022-09-29,2022-09-29
PACHYMAN,1,1,1,Reggae,United States,2021-08-13,2021-08-13
Parallel Thought,1,1,1,Hip-Hop/Rap,United States,2024-02-06,2024-02-06
Patrick Shiroishi & Piotr Kurek,1,1,1,Jazz,Poland,2025-03-13,2025-03-13
Paul Giess,1,1,1,Jazz,United States,2025-08-06,2025-08-06
Paxico Records,1,1,1,Hip-Hop/Rap,United States,2017-08-21,2017-08-21
Peaceville,1,1,1,Metal,United Kingdom,2025-06-17,2025-06-17
Pearl & The Oysters,1,1,1,Pop,United States,2021-09-02,2021-09-02
Perpetual Doom,1,1,1,Pop,United States,2021-11-11,2021-11-11
Phantom Limb,4,4,3,Experimental,United Kingdom,2021-02-19,2025-04-14
Phew,1,1,1,,Japan,2026-02-19,2026-02-19
PKEW PKEW PKEW,1,1,1,,Canada,2016-07-29,2016-07-29
Pollen Rx,1,1,1,,United States,2017-01-25,2017-01-25
Polobi & the Gwo Ka Masters,1,1,1,World,Guadeloupe,2023-02-21,2023-02-21
portrayal of guilt,1,1,1,Metal,United States,2018-11-30,2018-11-30
PP´S,1,1,1,Alternative,Spain,2024-11-07,2024-11-07
Pre-Echo Press,1,1,1,Jazz,United States,2025-11-19,2025-11-19
Precious Metals,1,1,1,Electronic,United Kingdom,2022-03-17,2022-03-17
Pressure Sounds,1,1,1,Reggae,United Kingdom,2018-09-17,2018-09-17
Príncipe,3,2,3,Electronic,Portugal,2016-08-26,2025-06-03
Profound Lore Records,2,2,2,Metal,Canada,2016-09-01,2018-01-31
Projekt Records,1,1,1,Ambient,United States,2024-08-14,2024-08-14
Psalm One aka Hologram Kizzie,1,1,1,Hip-Hop/Rap,United States,2019-05-30,2019-05-30
Psychic Eye,1,1,1,,United States,2019-10-18,2019-10-18
PTP,2,2,2,Electronic,United States,2019-06-05,2019-07-23
Pulse Compilation,1,1,1,,United States,2016-06-17,2016-06-17
PYRKAGION,1,1,1,Metal,,2023-08-14,2023-08-14
Quelle Chris,2,2,2,Hip-Hop/Rap,United States,2018-03-29,2020-04-24
R.A.P. Ferreira,1,1,1,,United States,2024-01-29,2024-01-29
Ratskin Records,2,2,2,R&B/Soul,United States,2022-08-29,2023-02-08
Raul Monsalve y Los Forajidos,1,1,1,World,Venezuela,2020-10-22,2020-10-22
Raw Poetic,1,1,1,Hip-Hop/Rap,United States,2022-03-23,2022-03-23
RAYS,1,1,1,,United States,2017-04-03,2017-04-03
Real Bad Man,1,1,1,Hip-Hop/Rap,United States,2024-04-01,2024-04-01
Real Blue Love Rips,1,1,1,Electronic,United States,2023-05-10,2023-05-10
REBEL WIZARD,1,1,1,Metal,Australia,2020-07-15,2020-07-15
Rebuilding the Rights of Statues,1,1,1,Alternative,China,2017-09-19,2017-09-19
Recital,2,2,2,Experimental,United States,2022-11-01,2023-11-08
Requiem Pour Un Twister,1,1,1,Rock,France,2019-07-29,2019-07-29
Rhiannon Giddens,1,1,1,Country,United States,2025-04-23,2025-04-23
Rhythm Section International,1,1,1,Electronic,United Kingdom,2022-08-15,2022-08-15
Rian Treanor,1,1,1,Electronic,United Kingdom,2025-09-11,2025-09-11
Ric Wilson,1,1,1,Hip-Hop/Rap,United States,2020-05-13,2020-05-13
Richard Dawson,1,1,1,Rock,United Kingdom,2021-11-23,2021-11-23
Richard Franecki,1,1,1,Experimental,United States,2026-06-29,2026-06-29
Richard Norris,1,1,1,Folk,United Kingdom,2022-02-07,2022-02-07
Rid Of Me,1,1,1,Rock,United States,2023-11-03,2023-11-03
Ripple Music,2,2,2,Metal,United States,2018-10-15,2022-03-08
Rokia Koné,1,1,1,World,Mali,2022-02-15,2022-02-15
Ropeadope Select,1,1,1,Experimental,United States,2017-08-02,2017-08-02
ROSA PISTOLA,1,1,1,Electronic,Mexico,2026-04-14,2026-04-14
RUI HO,1,1,1,Electronic,China,2020-09-10,2020-09-10
Ruptured Records,1,1,1,Alternative,Lebanon,2026-08-26,2026-08-26
Rush Hour Music,1,1,1,Electronic,Netherlands,2018-03-09,2018-03-09
RVNG Intl.,2,2,2,Electronic,United States,2016-11-09,2024-11-01
Safe Ground Rec.,1,1,1,Ambient,Belgium,2022-12-09,2022-12-09
Saigon Supersound Compilations,1,1,1,World,Germany,2017-05-18,2017-05-18
Saint Abdullah,1,1,1,Experimental,United States,2023-02-27,2023-02-27
salami rose joe louis,1,1,1,Alternative,United States,2023-05-24,2023-05-24
Sam Prekop,1,1,1,Experimental,United States,2022-07-27,2022-07-27
Sarah Shook & the Disarmers,1,1,1,Country,United States,2017-05-09,2017-05-09
Sasco,1,1,1,Hip-Hop/Rap,United States,2025-07-22,2025-07-22
SÁVILA,1,1,1,Latin,United States,2021-06-16,2021-06-16
Say Sue Me 세이수미,1,1,1,Rock,South Korea,2022-05-13,2022-05-13
SCALER,1,1,1,Electronic,United Kingdom,2022-04-28,2022-04-28
Scissor Tail Records,1,1,1,,United States,2017-02-27,2017-02-27
scooterbabe,1,1,1,,United States,2016-11-11,2016-11-11
Secret Circuit,1,1,1,Electronic,United States,2018-03-05,2018-03-05
Sentient Ruin Laboratories,1,1,1,Metal,United States,2018-04-23,2018-04-23
shame,1,1,1,Alternative,United Kingdom,2018-01-12,2018-01-12
Sharon Jones & The Dap-Kings,1,1,1,R&B/Soul,United States,2017-11-14,2017-11-14
SHEER MAG,1,1,1,Rock,United States,2019-08-28,2019-08-28
SHIGETO,1,1,1,Electronic,United States,2024-10-30,2024-10-30
SHINKOYO / ARTIST POOL,1,1,1,Experimental,,2022-03-10,2022-03-10
SIIFU,1,1,1,Hip-Hop/Rap,United States,2020-11-11,2020-11-11
Sir Shina Peters & His International Stars,1,1,1,World,Nigeria,2019-01-29,2019-01-29
sir Was,1,1,1,,Sweden,2017-03-08,2017-03-08
SKiN GRAFT Records,2,2,2,Experimental,United States,2019-03-25,2023-02-16
Sleeping Giant Glossolalia,2,2,2,Alternative,United States,2019-04-05,2026-06-08
SLOTHRUST,1,1,1,Rock,United States,2021-09-13,2021-09-13
slowthai,1,1,1,Hip-Hop/Rap,United Kingdom,2021-02-10,2021-02-10
Smithsonian Folkways Recordings,2,1,2,World,United States,2019-08-23,2020-02-03
snarls,1,1,1,Rock,United States,2020-03-12,2020-03-12
Snowball II,1,1,1,,United States,2017-03-23,2017-03-23
Snowy,1,1,1,Rock,Australia,2021-08-31,2021-08-31
SoLaRfIvE,1,1,1,Hip-Hop/Rap,United States,2023-04-25,2023-04-25
SOLTERA,1,1,1,Electronic,United States,2026-05-14,2026-05-14
SomeOthaShip Connect,1,1,1,R&B/Soul,United States,2020-08-31,2020-08-31
Sonny & The Sunsets,1,1,1,Rock,United States,2021-08-03,2021-08-03
Sonor Music Editions,1,1,1,Soundtrack,Italy,2021-02-02,2021-02-02
Sophomore Lounge,1,1,1,Pop,United States,2025-10-16,2025-10-16
Soul Clap Records,1,1,1,Electronic,United States,2019-01-17,2019-01-17
Soundway Records,7,2,6,Electronic,United Kingdom,2021-11-29,2026-03-31
Spacetalk,1,1,1,,United Kingdom,2016-12-21,2016-12-21
SPECIAL INTEREST,1,1,1,Punk,,2022-11-09,2022-11-09
Spiritual Jazz,1,1,1,Jazz,United Kingdom,2018-03-08,2018-03-08
Stamp The Wax,1,1,1,Electronic,United Kingdom,2020-04-23,2020-04-23
STAR FEMININE BAND,1,1,1,World,Benin,2022-09-20,2022-09-20
Static Shock Records,1,1,1,Punk,United Kingdom,2024-03-04,2024-03-04
stef chura,1,1,1,,United States,2017-02-07,2017-02-07
Stik Figa,1,1,1,Hip-Hop/Rap,United States,2026-05-07,2026-05-07
STORMO,1,1,1,Punk,Italy,2018-02-06,2018-02-06
Strata-East,1,1,1,Jazz,United States,2025-03-10,2025-03-10
Strut,2,2,2,Alternative,United Kingdom,2023-10-27,2025-10-28
STUDIO,1,1,1,Electronic,Sweden,2025-01-29,2025-01-29
Sun Ra Arkestra,1,1,1,Jazz,United States,2018-03-13,2018-03-13
SWARVY,1,1,1,Experimental,,2020-08-03,2020-08-03
Tall Black Guy Productions,1,1,1,,United States,2016-10-21,2016-10-21
tall friend,1,1,1,Alternative,United States,2017-08-28,2017-08-28
TALsounds,1,1,1,Electronic,United States,2020-05-14,2020-05-14
tama gucci,1,1,1,Alternative,United States,2021-11-18,2021-11-18
TAMARYN,1,1,1,Alternative,United States,2019-03-20,2019-03-20
TAR / MM / UOH,2,2,2,Experimental,,2021-02-16,2022-10-12
Tara Jane O'Neil,2,2,2,Alternative,United States,2020-07-09,2024-04-30
Tectonic Recordings,1,1,1,Electronic,United Kingdom,2025-07-23,2025-07-23
Teether & Kuya Neil,1,1,1,Hip-Hop/Rap,Australia,2025-05-06,2025-05-06
Tegh,1,1,1,Ambient,Iran,2022-07-18,2022-07-18
Termanology,1,1,1,Hip-Hop/Rap,United States,2020-04-06,2020-04-06
terry malts,1,1,1,,United States,2016-10-31,2016-10-31
Th' Losin Streaks,1,1,1,Rock,United States,2018-12-06,2018-12-06
Thalia Zedek Band,1,1,1,,United States,2016-08-19,2016-08-19
the Black Drumset,1,1,1,Alternative,United States,2026-07-27,2026-07-27
the body,2,2,2,Metal,United States,2018-05-15,2024-02-23
The Calais Sessions,1,1,1,,United Kingdom,2016-07-27,2016-07-27
The Comet Is Coming,1,1,1,Jazz,United Kingdom,2017-05-19,2017-05-19
The Como Mamas,1,1,1,R&B/Soul,United States,2017-05-29,2017-05-29
THE DƎER,1,1,1,,United States,2019-11-05,2019-11-05
the EFFECTS,1,1,1,Alternative,United States,2017-10-19,2017-10-19
the FRIGHTNRS,1,1,1,,United States,2016-09-08,2016-09-08
The Lasso,2,2,2,Funk,United States,2020-10-30,2022-03-18
The Nightcrawlers,1,1,1,Electronic,United States,2018-02-26,2018-02-26
THE NONE,1,1,1,Punk,United Kingdom,2024-08-28,2024-08-28
"The Reds, Pinks & Purples",1,1,1,Pop,United States,2022-01-28,2022-01-28
The Steoples,1,1,1,R&B/Soul,United States,2021-08-05,2021-08-05
The Utopia Strong,1,1,1,Experimental,United Kingdom,2019-09-19,2019-09-19
The Very Polish Cut Outs,1,1,1,Electronic,Poland,2021-09-20,2021-09-20
The Young Ones Of Guyana,1,1,1,Reggae,Guyana,2019-06-28,2019-06-28
Third Man Records,1,1,1,Blues,United States,2019-08-05,2019-08-05
Thirty Days of Yes,1,1,1,Alternative,Australia,2017-10-18,2017-10-18
Three Lobed Recordings,1,1,1,Alternative,United States,2021-06-11,2021-06-11
THURST,1,1,1,,United States,2017-01-16,2017-01-16
Time Capsule,3,2,3,Electronic,United Kingdom,2024-01-25,2025-04-25
To Live and Shave in L.A.,1,1,1,Experimental,United States,2025-04-07,2025-04-07
Tompkins Square,3,3,3,Jazz,United States,2019-11-12,2022-09-26
TONER,1,1,1,Rock,United States,2021-09-08,2021-09-08
Tramp Rec.,1,1,1,Jazz,Germany,2025-02-05,2025-02-05
Transversales Disques,3,3,3,Electronic,France,2020-03-13,2025-05-07
TraTraTrax,1,1,1,Electronic,Colombia,2026-06-10,2026-06-10
TRAX Records,1,1,1,Electronic,United States,2018-04-17,2018-04-17
Tresor Records,1,1,1,Electronic,Germany,2025-06-25,2025-06-25
Tricky // False Idols,1,1,1,Alternative,Germany,2025-10-07,2025-10-07
"truepanopticon.bandcamp.com"" data-clickthrough=""Panopticon",1,1,1,Folk,United States,2025-08-15,2025-08-15
TRUPA TRUPA,1,1,1,Alternative,Poland,2019-09-16,2019-09-16
TYPHOON,1,1,1,Rock,United States,2018-01-09,2018-01-09
ultra caro,1,1,1,Pop,United Kingdom,2021-09-07,2021-09-07
Umor Rex,2,2,2,Electronic,Mexico,2018-05-08,2026-02-05
Umsakazo Records,2,2,2,World,United Kingdom,2021-01-06,2023-04-11
Unearthly Vision,1,1,1,Experimental,United Kingdom,2019-05-06,2019-05-06
Union,1,1,1,,France,2016-11-07,2016-11-07
Uno Loop,1,1,1,Jazz,,2023-06-21,2023-06-21
Upset The Rhythm,1,1,1,Punk,United Kingdom,2023-04-12,2023-04-12
V4 Visions,1,1,1,R&B/Soul,United Kingdom,2022-03-16,2022-03-16
Vampisoul,1,1,1,Experimental,Spain,2022-04-11,2022-04-11
Vijay Iyer,1,1,1,Jazz,United States,2026-08-27,2026-08-27
Von Pea,1,1,1,Hip-Hop/Rap,United States,2025-12-02,2025-12-02
VP Records,2,2,2,Reggae,United States,2024-08-15,2025-05-28
Vyva Melinkolya,1,1,1,Alternative,United States,2023-05-15,2023-05-15
W. H. Lung,1,1,1,Alternative,United Kingdom,2021-10-11,2021-10-11
Waclaw Zimpel,1,1,1,Jazz,Poland,2024-10-18,2024-10-18
Wadada Leo Smith / Douglas R. Ewart / Mike Reed,1,1,1,Jazz,United States,2021-04-19,2021-04-19
WAKE,1,1,1,Metal,Canada,2020-03-31,2020-03-31
War Child Records,1,1,1,Alternative,United Kingdom,2026-03-06,2026-03-06
waterfront dining,1,1,1,,,2016-09-19,2016-09-19
WDYSWYEC,1,1,1,Hip-Hop/Rap,,2020-09-08,2020-09-08
We Jazz Records,1,1,1,Experimental,Finland,2021-07-01,2021-07-01
We Out Here,1,1,1,Jazz,United Kingdom,2018-02-07,2018-02-07
Web Web,1,1,1,Jazz,Germany,2021-08-26,2021-08-26
Weird Ear Records,1,1,1,,United States,2017-01-20,2017-01-20
WEWANTSOUNDS,9,7,9,Jazz,France,2020-09-11,2025-10-15
Wharf Cat Records,1,1,1,,United States,2016-11-17,2016-11-17
WILDFLOWER,1,1,1,Jazz,United Kingdom,2020-02-11,2020-02-11
Will Sessions,1,1,1,Funk,United States,2018-10-31,2018-10-31
Winged Wheel,3,1,3,Acoustic,United States,2022-05-02,2026-01-22
World Galaxy Records,2,2,1,Jazz,United States,2018-02-14,2021-01-05
Wrong,1,1,1,Metal,United States,2018-04-13,2018-04-13
WRWTFWW Records,1,1,1,Punk,Switzerland,2021-03-10,2021-03-10
wun two,1,1,1,Hip-Hop/Rap,Germany,2024-01-09,2024-01-09
WV Sorcerer Productions 巫唱片,3,3,2,Rock,France,2021-04-12,2025-05-19
yaya bey,2,1,2,R&B/Soul,United States,2021-04-15,2025-06-20
Year Of The Knife,1,1,1,Metal,United States,2020-08-04,2020-08-04
Yogisoul,1,1,1,Hip-Hop/Rap,Norway,2024-08-13,2024-08-13
yoo doo right,1,1,1,Alternative,Canada,2024-11-13,2024-11-13
YUNGMORPHEUS,3,3,2,Hip-Hop/Rap,United States,2021-03-09,2024-06-28
Zara Mcfarlane,1,1,1,Jazz,United Kingdom,2020-07-13,2020-07-13
Zazou Bikaye,1,1,1,Electronic,France,2017-11-09,2017-11-09
Zeal and Ardor,1,1,1,Metal,United States,2024-08-26,2024-08-26
zeta,1,1,1,Punk,Venezuela,2025-01-13,2025-01-13
คณะ เบียร์บูด/Khana Bierbood,1,1,1,Alternative,Thailand,2019-01-03,2019-01-03
